{"filename": "datasets/basics_example/basics_example", "resolution_in_microns": [1, 0.36, 0.36], "subsampling_factors": [1, 0.3333333333333333, 0.3333333333333333], "normal_offsets": [-2.0, -1.0, 0.0, 1.0, 2.0]}